"src_id","dest_id","start_time","edge_id","end_time"
"3719485","4770648","1936","4416209","1940"
"3492791","3913660","1938","2369469","1942"
"3913660","3917037","1938","6067607","1942"
"3928668","4682468","1940","6215669","1944"
"3470997","4589842","1943","2204424","1947"
"3551906","4119575","1943","2852213","1953"
"4175505","4180679","1944","8373612","1948"
"4176523","4182256","1944","8379042","1948"
"4181016","4183772","1944","8404929","1948"
"4181300","4181766","1944","8406477","1948"
"3913660","3917037","1945","6067608","1949"
"4093561","4310701","1945","7618823","1952"
"4280870","4797095","1946","9176731","1950"
"4119575","4888820","1948","7882167","1952"
"4086675","4714226","1949","7548685","1953"
"3231751","4254194","1950","31295","1954"
"3231751","4617963","1950","31296","1954"
"3233863","3917037","1950","53320","1954"
"3917037","4724856","1950","6102587","1954"
"4254194","4617963","1950","9015021","1954"
"3246610","3417617","1952","178989","1956"
"3246610","4437800","1952","178992","1956"
"3310875","3826059","1952","678977","1956"
"3417617","4437800","1952","1715069","1956"
"3457393","3610525","1952","2022109","1956"
"3762139","4664169","1952","4787692","1956"
"3865299","3900839","1952","5644326","1956"
"3918796","4286566","1952","6119202","1956"
"4098636","4667878","1952","7671724","1956"
"4131453","4664410","1952","7939535","1956"
"4235433","4665744","1952","8823024","1956"
"4297402","4477383","1952","9287776","1956"
"4578536","4664309","1952","11598950","1956"
"4578536","4877542","1952","11598952","1956"
"4664309","4877542","1952","12356909","1956"
"4664410","4672284","1952","12357393","1956"
"4664550","4670972","1952","12358110","1956"
"4664550","4671397","1952","12358111","1956"
"4670858","4672107","1952","12387179","1956"
"4670972","4671397","1952","12387627","1956"
"4660166","4667608","1952","12321415","1957"
"3293533","3841875","1953","505502","1957"
"3344513","4321319","1953","1016023","1957"
"3415749","3796713","1953","1696944","1957"
"3467139","4594698","1953","2166948","1957"
"3640494","3938774","1953","3665273","1957"
"3646888","3714031","1953","3727757","1957"
"3646888","4314504","1953","3727761","1957"
"3667971","4663628","1953","3947290","1957"
"3714031","4314504","1953","4359604","1957"
"3760321","4092251","1953","4769478","1957"
"3760321","4287132","1953","4769479","1957"
"3995230","4593162","1953","6718887","1957"
"4042306","4670709","1953","7165465","1957"
"4092251","4287132","1953","7604332","1957"
"4443155","4664926","1953","10535999","1957"
"4597747","4667670","1953","11793692","1957"
"4660166","4666986","1953","12321414","1957"
"4663475","4669829","1953","12352978","1957"
"4664155","4670183","1953","12356237","1957"
"3244414","3492848","1954","156704","1958"
"3247187","3996151","1954","184679","1958"
"3247187","4037804","1954","184680","1958"
"3255247","4043318","1954","249138","1958"
"3273481","3301243","1954","353546","1958"
"3300706","4137716","1954","577296","1958"
"3351869","3463877","1954","1090730","1958"
"3357569","4548859","1954","1149023","1958"
"3374776","3554679","1954","1276317","1958"
"3374776","4771339","1954","1276321","1958"
"3457393","4044456","1954","2022112","1958"
"3457393","4170096","1954","2022113","1958"
"3457393","4655402","1954","2022117","1958"
"3462129","3789625","1954","2119607","1958"
"3463877","4385304","1954","2136254","1958"
"3554679","4771339","1954","2916286","1958"
"3664352","4650345","1954","3908897","1958"
"3710505","4437800","1954","4325344","1958"
"3710505","4667932","1954","4325347","1958"
"3710505","4668838","1954","4325348","1958"
"3714241","3999296","1954","4361816","1958"
"3992131","4583126","1954","6687029","1958"
"3994001","4666529","1954","6706808","1958"
"3996151","4037804","1954","6729042","1958"
"4002993","4795243","1954","6808858","1958"
"4044456","4170096","1954","7188724","1958"
"4044456","4655402","1954","7188725","1958"
"4059603","4664294","1954","7342294","1958"
"4131453","4877542","1954","7939536","1958"
"4170096","4655402","1954","8325857","1958"
"4217849","4862846","1954","8650787","1958"
"4327994","4363191","1954","9655846","1958"
"4437800","4667932","1954","10480505","1958"
"4437800","4668838","1954","10480506","1958"
"4480726","4772790","1954","10814477","1958"
"4505710","4617963","1954","11015346","1958"
"4595959","4735898","1954","11775938","1958"
"4666122","4741700","1954","12365449","1958"
"4667023","4845996","1954","12369678","1958"
"4667932","4668838","1954","12373823","1958"
"3801119","3899174","1954","5089199","1959"
"4499830","4780917","1954","10958099","1961"
"3270019","3831683","1955","319008","1959"
"3279709","3625632","1955","415497","1959"
"3279709","4793328","1955","415498","1959"
"3331353","4104688","1955","811723","1959"
"3331634","4730038","1955","830079","1959"
"3346657","4896624","1955","1039125","1959"
"3374776","3644490","1955","1276318","1959"
"3374776","3737829","1955","1276319","1959"
"3536976","3624264","1955","2700867","1959"
"3536976","3852839","1955","2700868","1959"
"3536976","3891866","1955","2700869","1959"
"3536976","3927967","1955","2700870","1959"
"3610525","3711031","1955","3398785","1959"
"3620677","4592477","1955","3503926","1959"
"3624264","3852839","1955","3540728","1959"
"3624264","3891866","1955","3540729","1959"
"3624264","3927967","1955","3540731","1959"
"3625632","4793328","1955","3553508","1959"
"3644490","3737829","1955","3703874","1959"
"3666890","4297402","1955","3935670","1959"
"3721780","4633514","1955","4440530","1959"
"3795413","4209394","1955","5030531","1959"
"3832239","4427765","1955","5313252","1959"
"3832239","4484590","1955","5313253","1959"
"3845326","4703299","1955","5444183","1959"
"3846834","4283292","1955","5460307","1959"
"3852839","3891866","1955","5519268","1959"
"3852839","3927967","1955","5519269","1959"
"3891866","3927967","1955","5855079","1959"
"3978209","4667601","1955","6607933","1959"
"4081135","4106725","1955","7492238","1959"
"4237484","4795243","1955","8843255","1959"
"4278473","4818867","1955","9153284","1959"
"4280965","4888820","1955","9177607","1959"
"4368576","4385304","1955","9907420","1959"
"4427765","4484590","1955","10381018","1959"
"4539095","4898112","1955","11242780","1959"
"4663001","4670639","1955","12350789","1959"
"4668479","4670284","1955","12376360","1959"
"3711734","4287511","1955","4337124","1960"
"3348009","3568103","1955","1052231","1961"
"4235433","4846947","1955","8823025","1961"
"3461377","3531336","1955","2112129","1970"
"3250773","3253415","1956","221419","1960"
"3251122","3254390","1956","223337","1960"
"3255504","3255791","1956","250780","1960"
"3273481","3643914","1956","353547","1960"
"3273481","4905191","1956","353548","1960"
"3352917","3564055","1956","1101394","1960"
"3352917","4147001","1956","1101395","1960"
"3355478","4666586","1956","1126758","1960"
"3357569","4083483","1956","1149022","1960"
"3357569","4736708","1956","1149024","1960"
"3394545","3711734","1956","1403920","1960"
"3410551","3554766","1956","1641080","1960"
"3410551","4119575","1956","1641081","1960"
"3467139","3554766","1956","2166930","1960"
"3495733","4800430","1956","2399966","1960"
"3501433","3979813","1956","2455669","1960"
"3501433","4038147","1956","2455670","1960"
"3501433","4103880","1956","2455671","1960"
"3501433","4119571","1956","2455672","1960"
"3501433","4239984","1956","2455673","1960"
"3554766","4119575","1956","2921399","1960"
"3558910","3838686","1956","3005158","1960"
"3564055","4147001","1956","3060699","1960"
"3626499","4375081","1956","3561585","1960"
"3643914","4905191","1956","3698600","1960"
"3665823","4215103","1956","3924621","1960"
"3711734","3917174","1956","4337117","1960"
"3756025","4575809","1956","4725492","1960"
"3876002","4028256","1956","5697613","1960"
"3917174","4287511","1956","6103934","1960"
"3979813","4038147","1956","6624774","1960"
"3979813","4103880","1956","6624775","1960"
"3979813","4119571","1956","6624776","1960"
"3979813","4239984","1956","6624777","1960"
"4025663","4036466","1956","6997188","1960"
"4027526","4322589","1956","7015196","1960"
"4029525","4576977","1956","7035436","1960"
"4038147","4103880","1956","7123632","1960"
"4038147","4119571","1956","7123633","1960"
"4038147","4239984","1956","7123634","1960"
"4056835","4909619","1956","7314394","1960"
"4077498","4660680","1956","7456404","1960"
"4103880","4119571","1956","7725288","1960"
"4103880","4239984","1956","7725289","1960"
"4119571","4239984","1956","7882144","1960"
"4139103","4318943","1956","8020292","1960"
"4384674","4384991","1956","10067984","1960"
"4447942","4779282","1956","10601654","1960"
"4582233","4710661","1956","11636737","1960"
"4595378","4666426","1956","11769959","1960"
"4595378","4671474","1956","11769960","1960"
"4666426","4671474","1956","12366869","1960"
"4724856","4858893","1956","12850753","1960"
"4573409","4700916","1956","11546538","1961"
"3343302","4651833","1956","991968","1962"
"4169908","4667493","1956","8323875","1962"
"3555383","4619897","1956","2963449","1965"
"3236084","3998812","1957","73998","1961"
"3251879","3255148","1957","227923","1961"
"3252217","4043318","1957","230371","1961"
"3254173","3254371","1957","242303","1961"
"3289940","4226624","1957","467429","1961"
"3291624","4239984","1957","485501","1961"
"3295669","4079485","1957","526281","1961"
"3300110","3346318","1957","571213","1961"
"3300110","3538430","1957","571214","1961"
"3300110","3674728","1957","571215","1961"
"3300110","3893789","1957","571216","1961"
"3309025","3382801","1957","661674","1961"
"3309025","4040013","1957","661675","1961"
"3309025","4277922","1957","661676","1961"
"3309025","4722655","1957","661677","1961"
"3310406","3899231","1957","674549","1961"
"3310406","4029780","1957","674550","1961"
"3335706","3457393","1957","890588","1961"
"3335706","3564451","1957","890589","1961"
"3335706","4619897","1957","890590","1961"
"3343364","3555383","1957","996188","1961"
"3343364","4593562","1957","996195","1961"
"3343364","4619897","1957","996196","1961"
"3346318","3538430","1957","1035265","1961"
"3346318","3674728","1957","1035267","1961"
"3346318","3893789","1957","1035268","1961"
"3349112","4617918","1957","1063101","1961"
"3382801","4040013","1957","1322640","1961"
"3382801","4277922","1957","1322641","1961"
"3382801","4722655","1957","1322642","1961"
"3394580","3757019","1957","1406620","1961"
"3394580","4389589","1957","1406626","1961"
"3394580","4425358","1957","1406627","1961"
"3394596","4027048","1957","1407913","1961"
"3401580","4395832","1957","1490280","1961"
"3406779","3417617","1957","1601679","1961"
"3406779","4536273","1957","1601763","1961"
"3413277","4475182","1957","1669327","1961"
"3416342","3661983","1957","1702310","1961"
"3417617","4536273","1957","1715070","1961"
"3434691","4650675","1957","1823647","1961"
"3436363","4103880","1957","1839526","1961"
"3436363","4663537","1957","1839530","1961"
"3451698","3723744","1957","1965446","1961"
"3457393","3564451","1957","2022108","1961"
"3457393","4619897","1957","2022116","1961"
"3459693","3499825","1957","2058299","1961"
"3461377","3710505","1957","2112131","1961"
"3467311","4142852","1957","2168763","1961"
"3485122","3914247","1957","2291454","1961"
"3491158","4648538","1957","2353547","1961"
"3531336","3710505","1957","2605906","1961"
"3538430","3674728","1957","2715096","1961"
"3538430","3893789","1957","2715097","1961"
"3541762","3564451","1957","2750206","1961"
"3550459","4298064","1957","2837586","1961"
"3555383","4593562","1957","2963448","1961"
"3564451","4619897","1957","3064547","1961"
"3570016","3753747","1957","3120407","1961"
"3570016","3846834","1957","3120408","1961"
"3570016","4106860","1957","3120409","1961"
"3570016","4151562","1957","3120410","1961"
"3572164","4709023","1957","3141025","1961"
"3572945","4583158","1957","3149052","1961"
"3608089","4305021","1957","3372789","1961"
"3610525","4063789","1957","3398787","1961"
"3610525","4619897","1957","3398788","1961"
"3610796","4402993","1957","3401574","1961"
"3616999","4307630","1957","3465293","1961"
"3626400","3896072","1957","3560575","1961"
"3652042","4327994","1957","3786376","1961"
"3653499","3826398","1957","3802522","1961"
"3653499","4658804","1957","3802523","1961"
"3661433","4370209","1957","3880192","1961"
"3670769","3978897","1957","3974668","1961"
"3674728","3893789","1957","4014414","1961"
"3705779","4042790","1957","4278507","1961"
"3705779","4047753","1957","4278508","1961"
"3710044","3763371","1957","4320942","1961"
"3710794","3764097","1957","4327808","1961"
"3710794","4571576","1957","4327809","1961"
"3741700","4158782","1957","4581251","1961"
"3741700","4692832","1957","4581252","1961"
"3753747","3846834","1957","4702287","1961"
"3753747","4106860","1957","4702288","1961"
"3753747","4151562","1957","4702289","1961"
"3757019","4389589","1957","4737256","1961"
"3757019","4425358","1957","4737257","1961"
"3764097","4571576","1957","4807423","1961"
"3765002","4449339","1957","4815876","1961"
"3765002","4598457","1957","4815877","1961"
"3783452","4614176","1957","4912478","1961"
"3795594","4665805","1957","5032602","1961"
"3798564","4630531","1957","5063300","1961"
"3826398","4658804","1957","5255120","1961"
"3833679","4634775","1957","5326622","1961"
"3841097","3962567","1957","5401168","1961"
"3841097","4791596","1957","5401174","1961"
"3846834","4151562","1957","5460306","1961"
"3899231","4029780","1957","5926124","1961"
"3899378","4039803","1957","5927402","1961"
"3899378","4585137","1957","5927403","1961"
"3924601","4640086","1957","6174871","1961"
"3962567","4791596","1957","6458012","1961"
"3966633","4425294","1957","6495672","1961"
"3972306","4103547","1957","6550416","1961"
"3977583","4736903","1957","6600886","1961"
"4013022","4216768","1957","6924840","1961"
"4024942","4864314","1957","6989744","1961"
"4030134","4667440","1957","7041218","1961"
"4039803","4585137","1957","7140814","1961"
"4040013","4277922","1957","7142846","1961"
"4040013","4722655","1957","7142847","1961"
"4042790","4047753","1957","7169772","1961"
"4042790","4741930","1957","7169775","1961"
"4052227","4137418","1957","7267282","1961"
"4052227","4141393","1957","7267283","1961"
"4052227","4767158","1957","7267284","1961"
"4063789","4619897","1957","7382746","1961"
"4090131","4103877","1957","7582834","1961"
"4090131","4210103","1957","7582835","1961"
"4103877","4210103","1957","7725270","1961"
"4103880","4663537","1957","7725290","1961"
"4105847","4359919","1957","7745740","1961"
"4106860","4151562","1957","7755361","1961"
"4134745","4380601","1957","7974098","1961"
"4137418","4141393","1957","8003218","1961"
"4137418","4767158","1957","8003276","1961"
"4139434","4734644","1957","8023720","1961"
"4141393","4767158","1957","8041709","1961"
"4153644","4362288","1957","8162344","1961"
"4154012","4671879","1957","8166450","1961"
"4235433","4849887","1957","8823026","1961"
"4239195","4502480","1957","8860157","1961"
"4242233","4617552","1957","8892123","1961"
"4242233","4888263","1957","8892124","1961"
"4254639","4772203","1957","9019785","1961"
"4277922","4722655","1957","9148096","1961"
"4286629","4574982","1957","9233035","1961"
"4313291","4330980","1957","9452846","1961"
"4328529","4400425","1957","9660526","1961"
"4384039","4637595","1957","10062573","1961"
"4389589","4425358","1957","10118087","1961"
"4433243","4585137","1957","10434655","1961"
"4433243","4722655","1957","10434656","1961"
"4440770","4499830","1957","10510348","1961"
"4440770","4780917","1957","10510349","1961"
"4449339","4598457","1957","10615913","1961"
"4507058","4664566","1957","11027712","1961"
"4544305","4843799","1957","11299153","1961"
"4556382","4663779","1957","11419817","1961"
"4564523","4897376","1957","11469236","1961"
"4578536","4668197","1957","11598951","1961"
"4585137","4722655","1957","11668403","1961"
"4593562","4619897","1957","11751028","1961"
"4617552","4888263","1957","11934151","1961"
"4641900","4846069","1957","12139989","1961"
"4645901","4901217","1957","12178556","1961"
"4648722","4724130","1957","12206078","1961"
"4656504","4734394","1957","12284871","1961"
"4663895","4672274","1957","12355090","1961"
"4664440","4666274","1957","12357598","1961"
"4666247","4666656","1957","12366090","1961"
"4666247","4669521","1957","12366091","1961"
"4666656","4669521","1957","12367900","1961"
"4667718","4668304","1957","12372926","1961"
"4297402","4316866","1957","9287775","1962"
"3331288","3564071","1957","807890","1964"
"3533727","4637248","1957","2670740","1964"
"3855841","3903041","1957","5550519","1964"
"4802475","4808156","1957","13574619","1964"
"3397175","3555383","1957","1446642","1965"
"4158782","4692832","1957","8214611","1967"
"3236642","3310337","1958","79552","1962"
"3255148","3257728","1958","248524","1962"
"3255148","3258339","1958","248525","1962"
"3255148","4043318","1958","248527","1962"
"3255176","3257548","1958","248738","1962"
"3257686","3696288","1958","263909","1962"
"3257728","3258339","1958","264236","1962"
"3273188","4207179","1958","351088","1962"
"3278172","3798994","1958","400224","1962"
"3278172","4378727","1958","400225","1962"
"3290133","3335510","1958","469411","1962"
"3331353","3919508","1958","811720","1962"
"3403559","4619897","1958","1510856","1962"
"3405239","4578536","1958","1527748","1962"
"3405239","4897810","1958","1527752","1962"
"3428322","3566707","1958","1761241","1962"
"3435696","3570309","1958","1833181","1962"
"3457231","3656232","1958","2019710","1962"
"3457231","4038147","1958","2019712","1962"
"3467656","4780917","1958","2171589","1962"
"3490545","4220350","1958","2347252","1962"
"3490545","4694857","1958","2347253","1962"
"3547813","4246106","1958","2810831","1962"
"3566707","4633514","1958","3088122","1962"
"3664808","4162218","1958","3913830","1962"
"3666890","4741375","1958","3935671","1962"
"3666890","4764646","1958","3935672","1962"
"3696975","4663369","1958","4188114","1962"
"3696975","4667483","1958","4188115","1962"
"3696975","4669116","1958","4188116","1962"
"3714482","4630989","1958","4364730","1962"
"3723163","4154138","1958","4455634","1962"
"3723163","4311555","1958","4455635","1962"
"3737121","4584022","1958","4538305","1962"
"3738476","3790272","1958","4551249","1962"
"3790152","4615631","1958","4977097","1962"
"3798994","4378727","1958","5067716","1962"
"3902061","4221059","1958","5954737","1962"
"3911049","4800853","1958","6041825","1962"
"3920972","4146715","1958","6140350","1962"
"3933114","4091850","1958","6259749","1962"
"3936426","4063789","1958","6293428","1962"
"3975531","4541529","1958","6581810","1962"
"3979676","4345863","1958","6622567","1962"
"4054561","4505710","1958","7291317","1962"
"4086182","4430141","1958","7543808","1962"
"4154138","4311555","1958","8167196","1962"
"4169908","4667714","1958","8323876","1962"
"4220350","4694857","1958","8674673","1962"
"4228298","4281196","1958","8752850","1962"
"4250725","4430281","1958","8978461","1962"
"4284072","4306497","1958","9209306","1962"
"4330980","4808673","1958","9685114","1962"
"4429295","4736415","1958","10397422","1962"
"4447801","4515855","1958","10600315","1962"
"4547398","4733481","1958","11331820","1962"
"4547398","4902859","1958","11331822","1962"
"4548859","4903078","1958","11345749","1962"
"4578536","4897810","1958","11598953","1962"
"4663369","4667483","1958","12352440","1962"
"4663369","4669116","1958","12352441","1962"
"4664369","4667595","1958","12357191","1962"
"4666254","4666282","1958","12366114","1962"
"4666254","4669708","1958","12366115","1962"
"4666282","4669708","1958","12366254","1962"
"4666342","4666986","1958","12366519","1962"
"4667483","4669116","1958","12371857","1962"
"4667493","4667714","1958","12371918","1962"
"4733481","4902859","1958","12935885","1962"
"4741375","4764646","1958","13014748","1962"
"3712217","4153644","1958","4341771","1963"
"4031684","4783487","1958","7057191","1963"
"4344778","4348125","1958","9752971","1963"
"3331288","3331353","1958","807886","1964"
"3397175","3499184","1958","1446639","1965"
"3397175","4012560","1958","1446652","1965"
"3397175","4038147","1958","1446654","1965"
"3397175","4241358","1958","1446656","1965"
"3397175","4583158","1958","1446663","1965"
"3397175","4590249","1958","1446664","1965"
"3397175","4619897","1958","1446665","1965"
"3397175","4731606","1958","1446667","1965"
"3397175","4753900","1958","1446668","1965"
"3397175","4777799","1958","1446671","1965"
"3499184","3555383","1958","2434738","1965"
"3499184","4038147","1958","2434740","1965"
"3499184","4241358","1958","2434741","1965"
"3499184","4583158","1958","2434742","1965"
"3499184","4590249","1958","2434743","1965"
"3499184","4619897","1958","2434744","1965"
"3499184","4731606","1958","2434745","1965"
"3499184","4753900","1958","2434746","1965"
"3499184","4777799","1958","2434747","1965"
"3555383","4012560","1958","2963439","1965"
"3555383","4038147","1958","2963441","1965"
"3555383","4241358","1958","2963443","1965"
"3555383","4583158","1958","2963446","1965"
"3555383","4590249","1958","2963447","1965"
"3555383","4731606","1958","2963450","1965"
"3555383","4753900","1958","2963451","1965"
"3555383","4777799","1958","2963453","1965"
"4012560","4038147","1958","6919204","1965"
"4012560","4241358","1958","6919206","1965"
"4012560","4583158","1958","6919208","1965"
"4012560","4590249","1958","6919209","1965"
"4012560","4619897","1958","6919210","1965"
"4012560","4731606","1958","6919211","1965"
"4012560","4753900","1958","6919212","1965"
"4012560","4777799","1958","6919213","1965"
"4038147","4241358","1958","7123635","1965"
"4038147","4583158","1958","7123636","1965"
"4038147","4590249","1958","7123637","1965"
"4038147","4619897","1958","7123638","1965"
"4038147","4731606","1958","7123639","1965"
"4038147","4753900","1958","7123640","1965"
"4038147","4777799","1958","7123641","1965"
"4241358","4583158","1958","8882967","1965"
"4241358","4590249","1958","8882968","1965"
"4241358","4619897","1958","8882969","1965"
"4241358","4731606","1958","8882970","1965"
"4241358","4753900","1958","8882971","1965"
"4241358","4777799","1958","8882972","1965"
"4583158","4590249","1958","11647316","1965"
"4583158","4619897","1958","11647317","1965"
"4583158","4731606","1958","11647318","1965"
"4583158","4753900","1958","11647319","1965"
"4583158","4777799","1958","11647320","1965"
"4590249","4619897","1958","11718444","1965"
"4590249","4731606","1958","11718445","1965"
"4590249","4753900","1958","11718446","1965"
"4590249","4777799","1958","11718447","1965"
"4619897","4731606","1958","11955605","1965"
"4619897","4753900","1958","11955606","1965"
"4619897","4777799","1958","11955607","1965"
"4731606","4753900","1958","12918195","1965"
"4731606","4777799","1958","12918198","1965"
"4753900","4777799","1958","13095066","1965"
"3499184","4012560","1958","2434739","1968"
"3331353","3564071","1958","811716","1973"
"3251809","3255148","1959","227547","1963"
"3252988","3255176","1959","234958","1963"
"3255148","3257548","1959","248523","1963"
"3255148","3259897","1959","248526","1963"
"3255148","4557603","1959","248528","1963"
"3257548","3259897","1959","263072","1963"
"3257548","4557603","1959","263073","1963"
"3259897","4557603","1959","278874","1963"
"3275145","3965409","1959","370045","1963"
"3304814","4045613","1959","619365","1963"
"3307217","3790521","1959","644578","1963"
"3308534","4044825","1959","657332","1963"
"3310009","3361979","1959","670808","1963"
"3310009","4036366","1959","670809","1963"
"3331635","3398744","1959","830084","1963"
"3335105","3464054","1959","884964","1963"
"3335105","3470716","1959","884965","1963"
"3335105","4818865","1959","884974","1963"
"3360250","4159019","1959","1175280","1963"
"3361979","4036366","1959","1191848","1963"
"3406442","4617918","1959","1579434","1963"
"3451526","4045188","1959","1963720","1963"
"3457231","3719352","1959","2019711","1963"
"3457393","3837099","1959","2022110","1963"
"3459679","3760084","1959","2057395","1963"
"3459679","4903103","1959","2057405","1963"
"3461377","3784989","1959","2112132","1963"
"3461377","4063789","1959","2112134","1963"
"3464054","3470716","1959","2137510","1963"
"3464054","4818865","1959","2137511","1963"
"3467294","4376493","1959","2168690","1963"
"3470716","4818865","1959","2201980","1963"
"3481651","3840784","1959","2256191","1963"
"3499274","3793059","1959","2435514","1963"
"3500980","4049611","1959","2451807","1963"
"3531336","4063789","1959","2605913","1963"
"3531598","3721664","1959","2623710","1963"
"3531598","3760464","1959","2623713","1963"
"3531598","4693941","1959","2623739","1963"
"3531598","4743735","1959","2623743","1963"
"3531855","3796892","1959","2640397","1963"
"3531855","4137125","1959","2640424","1963"
"3531855","4592147","1959","2640464","1963"
"3535942","3903067","1959","2691408","1963"
"3535942","3908813","1959","2691409","1963"
"3535942","4242338","1959","2691410","1963"
"3541102","4158535","1959","2743070","1963"
"3541102","4397650","1959","2743071","1963"
"3554373","4279264","1959","2895592","1963"
"3557589","3879558","1959","2991918","1963"
"3562878","3834998","1959","3047889","1963"
"3562878","4330558","1959","3047893","1963"
"3562878","4585610","1959","3047899","1963"
"3566782","4041456","1959","3088943","1963"
"3566782","4327505","1959","3088944","1963"
"3607228","4376493","1959","3364394","1963"
"3608622","3616999","1959","3378771","1963"
"3608622","4048044","1959","3378772","1963"
"3608622","4323693","1959","3378773","1963"
"3608622","4511651","1959","3378774","1963"
"3608989","3737393","1959","3382601","1963"
"3616999","4323693","1959","3465294","1963"
"3616999","4511651","1959","3465296","1963"
"3643914","4476519","1959","3698596","1963"
"3649745","4658122","1959","3763290","1963"
"3654998","4536232","1959","3816679","1963"
"3657277","4567498","1959","3840522","1963"
"3658895","4442869","1959","3856847","1963"
"3673192","3999718","1959","3999855","1963"
"3673192","4032862","1959","3999857","1963"
"3715176","4024292","1959","4371476","1963"
"3715176","4702784","1959","4371477","1963"
"3721664","3760464","1959","4439372","1963"
"3721664","4693941","1959","4439373","1963"
"3753861","4250725","1959","4703855","1963"
"3760084","4903103","1959","4767528","1963"
"3760464","4693941","1959","4770930","1963"
"3790198","4578787","1959","4977672","1963"
"3790198","4619897","1959","4977675","1963"
"3790521","4804209","1959","4981398","1963"
"3796892","4137125","1959","5045084","1963"
"3796892","4592147","1959","5045085","1963"
"3797900","4888984","1959","5056446","1963"
"3798728","4668342","1959","5065072","1963"
"3826398","4667232","1959","5255121","1963"
"3834998","4330558","1959","5341095","1963"
"3834998","4585610","1959","5341099","1963"
"3837799","3860738","1959","5369945","1963"
"3841427","3894143","1959","5404654","1963"
"3858006","4388488","1959","5571537","1963"
"3858006","4485398","1959","5571538","1963"
"3887092","4801355","1959","5808090","1963"
"3888693","4798218","1959","5824093","1963"
"3903067","3908813","1959","5965589","1963"
"3903067","4242338","1959","5965590","1963"
"3908813","4242338","1959","6020997","1963"
"3911926","3972039","1959","6049996","1963"
"3918796","4286566","1959","6119203","1963"
"3924267","4730401","1959","6172000","1963"
"3926521","4240234","1959","6194248","1963"
"3968418","4057736","1959","6514140","1963"
"3968418","4592147","1959","6514141","1963"
"3999718","4032862","1959","6765832","1963"
"4002993","4091850","1959","6808826","1963"
"4023854","4450335","1959","6979487","1963"
"4024292","4702784","1959","6983856","1963"
"4025687","4079194","1959","6997346","1963"
"4031684","4398597","1959","7057190","1963"
"4041456","4327505","1959","7157476","1963"
"4045613","4145994","1959","7201314","1963"
"4048044","4323693","1959","7225484","1963"
"4048044","4511651","1959","7225486","1963"
"4057736","4592147","1959","7323138","1963"
"4079485","4589266","1959","7476444","1963"
"4087572","4754436","1959","7557410","1963"
"4103877","4224507","1959","7725271","1963"
"4103877","4372558","1959","7725272","1963"
"4116452","4133439","1959","7850923","1963"
"4116452","4863429","1959","7850924","1963"
"4133439","4863429","1959","7960843","1963"
"4136208","4475182","1959","7988776","1963"
"4137125","4592147","1959","8000802","1963"
"4144502","4903361","1959","8072623","1963"
"4147277","4638418","1959","8098757","1963"
"4151562","4793472","1959","8140385","1963"
"4158535","4397650","1959","8212281","1963"
"4224507","4372558","1959","8715583","1963"
"4237768","4376789","1959","8846487","1963"
"4239758","4657545","1959","8866134","1963"
"4253679","4383039","1959","9010154","1963"
"4323693","4511651","1959","9611994","1963"
"4330558","4585610","1959","9680810","1963"
"4381582","4510945","1959","10038844","1963"
"4388488","4485398","1959","10107888","1963"
"4398597","4783487","1959","10209054","1963"
"4498216","4667212","1959","10941973","1963"
"4578787","4619897","1959","11601405","1963"
"4595378","4630989","1959","11769957","1963"
"4667059","4667106","1959","12369839","1963"
"3304814","4145994","1959","619368","1964"
"3569059","4037324","1959","3110888","1964"
"4058951","4384572","1959","7335946","1964"
"3436042","3756418","1959","1836390","1965"
"3307217","4804209","1959","644579","1966"
"3643914","4045613","1959","3698594","1966"
"3616999","4048044","1959","3465292","1967"
"3229370","3669071","1960","8784","1964"
"3233124","3302967","1960","45652","1964"
"3233124","3493899","1960","45653","1964"
"3233124","4701925","1960","45654","1964"
"3234362","3567449","1960","58351","1964"
"3237996","3290833","1960","93728","1964"
"3240626","3249759","1960","118839","1964"
"3247423","4507058","1960","187417","1964"
"3249759","4059603","1960","212473","1964"
"3255791","4625225","1960","252417","1964"
"3272124","3451163","1960","340376","1964"
"3274518","3888988","1960","363977","1964"
"3274518","4664093","1960","363979","1964"
"3276307","3922673","1960","381231","1964"
"3276307","4206821","1960","381232","1964"
"3276989","3356964","1960","388535","1964"
"3276989","4385184","1960","388536","1964"
"3277455","4298061","1960","393244","1964"
"3291644","3486090","1960","485662","1964"
"3291644","3564762","1960","485664","1964"
"3291644","3674163","1960","485665","1964"
"3291644","3833943","1960","485668","1964"
"3291644","4039087","1960","485671","1964"
"3291644","4587444","1960","485676","1964"
"3291644","4733405","1960","485678","1964"
"3302967","3493899","1960","600692","1964"
"3302967","4701925","1960","600693","1964"
"3304814","3494374","1960","619364","1964"
"3304814","4048102","1960","619366","1964"
"3305026","3891296","1960","621795","1964"
"3331231","3348131","1960","803559","1964"
"3331292","3457059","1960","807966","1964"
"3331353","4619897","1960","811732","1964"
"3338755","4663970","1960","920488","1964"
"3339960","4386795","1960","933066","1964"
"3343302","4160326","1960","991965","1964"
"3343302","4798660","1960","991969","1964"
"3344642","4808474","1960","1017262","1964"
"3348009","3918928","1960","1052234","1964"
"3353536","3785282","1960","1107515","1964"
"3353536","3924267","1960","1107516","1964"
"3353536","3964009","1960","1107517","1964"
"3353536","3967340","1960","1107518","1964"
"3353536","4039087","1960","1107519","1964"
"3353536","4224342","1960","1107520","1964"
"3353536","4301531","1960","1107521","1964"
"3353536","4316853","1960","1107522","1964"
"3354614","4036466","1960","1117757","1964"
"3355856","3661454","1960","1131160","1964"
"3356964","4385184","1960","1143400","1964"
"3357151","3678971","1960","1145185","1964"
"3357151","3828863","1960","1145186","1964"
"3357151","4000770","1960","1145187","1964"
"3357151","4364890","1960","1145188","1964"
"3357151","4398395","1960","1145189","1964"
"3357151","4424509","1960","1145190","1964"
"3358992","4507058","1960","1162786","1964"
"3361737","4171666","1960","1189917","1964"
"3397175","4378896","1960","1446660","1964"
"3400739","4742184","1960","1481503","1964"
"3402592","3678642","1960","1500229","1964"
"3408500","4683819","1960","1620239","1964"
"3412625","3559517","1960","1661923","1964"
"3412625","3764097","1960","1661924","1964"
"3416583","4297402","1960","1704609","1964"
"3432600","4670101","1960","1804064","1964"
"3432600","4781713","1960","1804065","1964"
"3438552","4670940","1960","1864284","1964"
"3438816","4499830","1960","1882868","1964"
"3452086","3850789","1960","1968874","1964"
"3452111","3894901","1960","1969086","1964"
"3464364","4686015","1960","2140347","1964"
"3467683","4374086","1960","2171834","1964"
"3469897","3960907","1960","2194243","1964"
"3469897","4096002","1960","2194244","1964"
"3469897","4219223","1960","2194245","1964"
"3470837","4453300","1960","2203120","1964"
"3470837","4843051","1960","2203121","1964"
"3484776","3567313","1960","2287996","1964"
"3484776","3665150","1960","2287997","1964"
"3484776","3878242","1960","2287999","1964"
"3484776","3933893","1960","2288002","1964"
"3484776","4131644","1960","2288007","1964"
"3484776","4842959","1960","2288022","1964"
"3486090","3564762","1960","2300941","1964"
"3486090","3674163","1960","2300942","1964"
"3486090","3833943","1960","2300943","1964"
"3486090","4039087","1960","2300944","1964"
"3486090","4587444","1960","2300945","1964"
"3486090","4733405","1960","2300946","1964"
"3493899","4701925","1960","2381137","1964"
"3494374","4048102","1960","2386273","1964"
"3494374","4145994","1960","2386274","1964"
"3531598","3841097","1960","2623716","1964"
"3543309","4091850","1960","2765955","1964"
"3543309","4668857","1960","2765960","1964"
"3550155","4168057","1960","2834510","1964"
"3554044","4646705","1960","2874029","1964"
"3554044","4888189","1960","2874031","1964"
"3554373","3756896","1960","2895577","1964"
"3554373","3845418","1960","2895578","1964"
"3554373","4225489","1960","2895588","1964"
"3557814","4754163","1960","2993612","1964"
"3559281","3570603","1960","3009831","1964"
"3559281","3838466","1960","3009832","1964"
"3559303","3837099","1960","3010110","1964"
"3559303","4862588","1960","3010111","1964"
"3559517","3764097","1960","3013275","1964"
"3562878","3624264","1960","3047887","1964"
"3563057","4224791","1960","3049590","1964"
"3564762","3674163","1960","3067873","1964"
"3564762","3833943","1960","3067874","1964"
"3564762","4039087","1960","3067875","1964"
"3564762","4587444","1960","3067876","1964"
"3564762","4733405","1960","3067877","1964"
"3567313","3665150","1960","3093563","1964"
"3567313","4131644","1960","3093564","1964"
"3569059","4311206","1960","3110889","1964"
"3570603","3838466","1960","3125962","1964"
"3572222","4174268","1960","3141702","1964"
"3619997","4219025","1960","3497254","1964"
"3619997","4800124","1960","3497255","1964"
"3639252","4511850","1960","3652653","1964"
"3639252","4593199","1960","3652654","1964"
"3639252","4693138","1960","3652655","1964"
"3646888","4665384","1960","3727762","1964"
"3646888","4666299","1960","3727763","1964"
"3646888","4909481","1960","3727764","1964"
"3654386","4254562","1960","3810712","1964"
"3654386","4898943","1960","3810715","1964"
"3656232","4636683","1960","3829578","1964"
"3665150","4131644","1960","3918438","1964"
"3672208","3803138","1960","3989476","1964"
"3672208","4104313","1960","3989477","1964"
"3674163","3833943","1960","4008387","1964"
"3674163","4039087","1960","4008388","1964"
"3674163","4587444","1960","4008389","1964"
"3674163","4733405","1960","4008390","1964"
"3674728","4307630","1960","4014415","1964"
"3678971","3828863","1960","4055896","1964"
"3678971","4000770","1960","4055897","1964"
"3678971","4364890","1960","4055898","1964"
"3678971","4398395","1960","4055899","1964"
"3678971","4424509","1960","4055900","1964"
"3694432","3881026","1960","4163236","1964"
"3694432","3934098","1960","4163237","1964"
"3708834","4666056","1960","4309470","1964"
"3708834","4666434","1960","4309471","1964"
"3710380","3845418","1960","4323712","1964"
"3712794","4639429","1960","4348095","1964"
"3737393","3844974","1960","4540648","1964"
"3737393","4447570","1960","4540649","1964"
"3737393","4725858","1960","4540650","1964"
"3740723","3994069","1960","4571736","1964"
"3740723","4664021","1960","4571744","1964"
"3746051","4207164","1960","4625718","1964"
"3747425","4587082","1960","4639245","1964"
"3753081","3762597","1960","4696401","1964"
"3756896","4225489","1960","4735698","1964"
"3785282","3924267","1960","4930275","1964"
"3785282","3964009","1960","4930276","1964"
"3785282","3967340","1960","4930277","1964"
"3785282","4039087","1960","4930278","1964"
"3785282","4224342","1960","4930279","1964"
"3785282","4301531","1960","4930280","1964"
"3785282","4316853","1960","4930281","1964"
"3795211","3922000","1960","5028097","1964"
"3795211","4323181","1960","5028099","1964"
"3803138","4104313","1960","5111626","1964"
"3822616","4219890","1960","5217559","1964"
"3828863","4000770","1960","5280357","1964"
"3828863","4364890","1960","5280358","1964"
"3828863","4398395","1960","5280359","1964"
"3828863","4424509","1960","5280360","1964"
"3833943","4039087","1960","5329847","1964"
"3833943","4587444","1960","5329848","1964"
"3833943","4733405","1960","5329849","1964"
"3836240","4667701","1960","5352798","1964"
"3836240","4671339","1960","5352799","1964"
"3837099","4862588","1960","5362651","1964"
"3837799","4597910","1960","5369946","1964"
"3844716","4004334","1960","5437760","1964"
"3844974","4447570","1960","5440607","1964"
"3845331","4131397","1960","5444254","1964"
"3845331","4645901","1960","5444255","1964"
"3847413","4094756","1960","5466366","1964"
"3855742","4100225","1960","5549298","1964"
"3861660","3918847","1960","5609690","1964"
"3862822","4907891","1960","5620740","1964"
"3876311","4233790","1960","5700367","1964"
"3876311","4700515","1960","5700368","1964"
"3878242","3933893","1960","5720376","1964"
"3878242","4842959","1960","5720377","1964"
"3879553","3994258","1960","5733971","1964"
"3879553","4001353","1960","5733972","1964"
"3881026","3934098","1960","5748075","1964"
"3888693","4586967","1960","5824091","1964"
"3888988","4664093","1960","5827171","1964"
"3897217","4170841","1960","5907222","1964"
"3898274","4101116","1960","5917051","1964"
"3922000","4323181","1960","6150134","1964"
"3922673","4206821","1960","6156950","1964"
"3924267","3964009","1960","6171994","1964"
"3924267","3967340","1960","6171995","1964"
"3924267","4039087","1960","6171996","1964"
"3924267","4224342","1960","6171997","1964"
"3924267","4301531","1960","6171998","1964"
"3924267","4316853","1960","6171999","1964"
"3933893","4842959","1960","6267081","1964"
"3960907","4096002","1960","6442319","1964"
"3960907","4219223","1960","6442320","1964"
"3964009","3967340","1960","6470623","1964"
"3964009","4039087","1960","6470624","1964"
"3964009","4224342","1960","6470626","1964"
"3964009","4301531","1960","6470627","1964"
"3964009","4316853","1960","6470628","1964"
"3967340","4039087","1960","6502743","1964"
"3967340","4224342","1960","6502744","1964"
"3967340","4301531","1960","6502745","1964"
"3967340","4316853","1960","6502746","1964"
"3994069","4664021","1960","6707455","1964"
"3994258","4001353","1960","6709313","1964"
"3997025","4479946","1960","6738308","1964"
"4000770","4364890","1960","6778148","1964"
"4000770","4398395","1960","6778149","1964"
"4000770","4424509","1960","6778150","1964"
"4023901","4498540","1960","6980212","1964"
"4024380","4573493","1960","6984810","1964"
"4032862","4119967","1960","7069000","1964"
"4033181","4894838","1960","7071782","1964"
"4037324","4311206","1960","7115593","1964"
"4038147","4793472","1960","7123642","1964"
"4039087","4224342","1960","7133891","1964"
"4039087","4301531","1960","7133892","1964"
"4039087","4316853","1960","7133893","1964"
"4039087","4587444","1960","7133894","1964"
"4039087","4733405","1960","7133895","1964"
"4039803","4671259","1960","7140815","1964"
"4040173","4166145","1960","7144269","1964"
"4048102","4145994","1960","7225973","1964"
"4056835","4325680","1960","7314391","1964"
"4056835","4578684","1960","7314392","1964"
"4059603","4663895","1960","7342293","1964"
"4066482","4505320","1960","7409588","1964"
"4091850","4555146","1960","7600408","1964"
"4091850","4668857","1960","7600410","1964"
"4096002","4219223","1960","7644040","1964"
"4101531","4504791","1960","7703645","1964"
"4106727","4307630","1960","7753852","1964"
"4131397","4645901","1960","7939000","1964"
"4132316","4670101","1960","7949300","1964"
"4132316","4781713","1960","7949301","1964"
"4152395","4278289","1960","8149050","1964"
"4160326","4798660","1960","8229638","1964"
"4173033","4864604","1960","8354197","1964"
"4205297","4237969","1960","8522463","1964"
"4205913","4663475","1960","8528711","1964"
"4219025","4800124","1960","8662643","1964"
"4224342","4301531","1960","8714297","1964"
"4224342","4316853","1960","8714298","1964"
"4227719","4693896","1960","8746898","1964"
"4227719","4736285","1960","8746899","1964"
"4233790","4700515","1960","8807090","1964"
"4244954","4380601","1960","8920264","1964"
"4246689","4318514","1960","8938510","1964"
"4254562","4898943","1960","9019187","1964"
"4280965","4905191","1960","9177608","1964"
"4285875","4666986","1960","9225731","1964"
"4300339","4591781","1960","9319919","1964"
"4301531","4316853","1960","9331710","1964"
"4311796","4507199","1960","9438223","1964"
"4325680","4578684","1960","9632189","1964"
"4330980","4516204","1960","9685113","1964"
"4364890","4398395","1960","9869631","1964"
"4364890","4424509","1960","9869632","1964"
"4398395","4424509","1960","10206877","1964"
"4402355","4664870","1960","10246421","1964"
"4451118","4705866","1960","10633122","1964"
"4453300","4843051","1960","10654424","1964"
"4477045","4479871","1960","10778424","1964"
"4511850","4593199","1960","11075223","1964"
"4511850","4693138","1960","11075224","1964"
"4512260","4798218","1960","11078515","1964"
"4576840","4734872","1960","11581578","1964"
"4587444","4733405","1960","11690621","1964"
"4593199","4693138","1960","11747840","1964"
"4624349","4625225","1960","11984948","1964"
"4624708","4627638","1960","11986976","1964"
"4656306","4744049","1960","12283329","1964"
"4663369","4665353","1960","12352439","1964"
"4663375","4666226","1960","12352465","1964"
"4663657","4668342","1960","12353914","1964"
"4664341","4668489","1960","12357054","1964"
"4664341","4670835","1960","12357055","1964"
"4665130","4672027","1960","12360922","1964"
"4665130","4799942","1960","12360923","1964"
"4665384","4666299","1960","12362066","1964"
"4665384","4909481","1960","12362067","1964"
"4665436","4667637","1960","12362278","1964"
"4666056","4666434","1960","12365157","1964"
"4666299","4909481","1960","12366307","1964"
"4667425","4872951","1960","12371626","1964"
"4667562","4670493","1960","12372199","1964"
"4667701","4671339","1960","12372872","1964"
"4668489","4670835","1960","12376401","1964"
"4670101","4781713","1960","12383583","1964"
"4670573","4671474","1960","12385783","1964"
"4672027","4799942","1960","12392681","1964"
"4693896","4736285","1960","12579954","1964"
"4753909","4790104","1960","13095605","1964"
"3359820","3661666","1960","1171209","1965"
"3432600","4132316","1960","1804062","1965"
"3438600","4151653","1960","1868341","1965"
"3680414","4595452","1960","4070200","1965"
"3855841","4635684","1960","5550525","1965"
"4059603","4668531","1960","7342295","1965"
"4319671","4612518","1960","9537913","1965"
"4349634","4350002","1960","9774392","1965"
"4630989","4669003","1960","12029683","1965"
"4663779","4741860","1960","12354490","1965"
"4666908","4670752","1960","12369141","1965"
"4141203","4388262","1960","8039945","1966"
"3554373","3710380","1960","2895574","1967"
"3894224","4660166","1960","5877999","1967"
"3255791","4624349","1960","252416","1968"
"3639836","4023854","1960","3658414","1968"
"4169305","4781830","1960","8317887","1968"
"4665623","4668948","1960","12363184","1968"
"3554123","4134921","1960","2880248","1971"
